Name;Vorname;Alter
Schmidt;Tim;18
Mayer;Tina;20
Müller;Tom;17
Krause;Tobias;19
Schneider;Till;18
Krause;Tim;19
Krause;Tom;19
Müller;Tina;20
Schmidt;Tobias;19
Schneider;Tim;18
Schneider;Tina;20
Müller;Tom;17
Mayer;Tobias;19
Schmidt;Till;18
Mayer;Tim;19
Mayer;Tom;19
Schmidt;Tina;20
Müller;Tobias;19
Krause;Tim;18
Krause;Tina;20
Schneider;Tom;17
Müller;Tobias;19
Schmidt;Till;18
Müller;Tim;19
Müller;Tom;19
Krause;Tina;20
Schmidt;Tobias;19
Schneider;Tim;18
Schneider;Tina;20
Müller;Tom;17
Mayer;Tobias;19
Schmidt;Till;18
Mayer;Tim;19
Mayer;Tom;19
Schmidt;Tina;20
Müller;Tobias;19
Krause;Tim;18
Krause;Tina;20
Schneider;Tom;17
Müller;Tobias;19
Schmidt;Till;18
Müller;Tim;19
Müller;Tom;19
Krause;Tina;20
Schmidt;Tobias;19
Schneider;Tim;18
Schneider;Tina;20
Müller;Tom;17
Mayer;Tobias;19
Schmidt;Till;18
Mayer;Tim;19
Mayer;Tom;19
Schmidt;Tina;20
Müller;Tobias;19
Krause;Tim;18
Krause;Tina;20
Schneider;Tom;17
Müller;Tobias;19
Schmidt;Till;18
Müller;Tim;19
Müller;Tom;19
Krause;Tina;20