<Alle>
	<Person>
		<Name>Osman</Name>
		<Vorname>Hesham</Vorname>
		<Alter>31</Alter>
		<Nationalitaet>Egypt</Nationalitaet>
		<Geschlecht>maennlich</Geschlecht>
	</Person>
	<Person>
		<Name>Hofmann</Name>
		<Vorname>Maurice</Vorname>
		<Alter>21</Alter>
		<Nationalitaet>Deutschland</Nationalitaet>
		<Geschlecht>maennlich</Geschlecht>
	</Person>
	<Monster>
		<Name>ET</Name>
		<Vorname>My_Friend</Vorname>
	</Monster>
	<Monster>
		<Name>Thor</Name>
		<Vorname>GodOfThunder</Vorname>
	</Monster>
	
	<LehrerinnenOderLehrer>
		<Person>
			<Name>Baldes</Name>
			<Vorname>Stefan</Vorname>
			<Alter>40?</Alter>
			<Nationalitaet>Deutschland</Nationalitaet>
			<Geschlecht>maennlich</Geschlecht>
		</Person>
		<Person>
			<Name>Schuhmacher</Name>
			<Vorname>Benedikt</Vorname>
			<Alter>30..?</Alter>
			<Nationalitaet>Deutschland</Nationalitaet>
			<Geschlecht>maennlich</Geschlecht>
		</Person>
	</LehrerinnenOderLehrer>

	<SchulerinnenOderSchuler>
		<Person>
			<Name>Jo</Name>
			<Vorname>Kyuhyun</Vorname>
			<Alter>31</Alter>
			<Nationalitaet>SuedKorea</Nationalitaet>
			<Geschlecht>maennlich</Geschlecht>
		</Person>
		<Person>
			<Name>Shahbazi</Name>
			<Vorname>Nasim</Vorname>
			<Alter>Alter der frau ist Geheim.^^</Alter>
			<Nationalitaet>IRAN</Nationalitaet>
			<Geschlecht>Weiblich</Geschlecht>
		</Person>
		<Person>
			<Name>Yozbashi</Name>
			<Vorname>Alisina</Vorname>
			<Alter>24</Alter>
			<Nationalitaet>Afghanistan</Nationalitaet>
			<Geschlecht>maennlich</Geschlecht>
		</Person>
		<Person>
			<Name>Said Ahmed</Name>
			<Vorname>Yaser</Vorname>
			<Alter>21</Alter>
			<Nationalitaet>Egypt,Marroko,Deutsch</Nationalitaet>
			<Geschlecht>maennlich</Geschlecht>
		</Person>
	</SchulerinnenOderSchuler>
</Alle>